event_id,event_date,entity_id,event_type,severity,estimated_impact
EV0001,2026-01-01,REV005,experiment,High,49131
EV0002,2026-01-02,REV022,experiment,Medium,50082
EV0003,2026-01-03,REV013,exception,Medium,7176
EV0004,2026-01-04,REV025,qa_check,High,39694
EV0005,2026-01-05,REV017,handoff,Low,26316
EV0006,2026-01-06,REV010,handoff,Medium,3017
EV0007,2026-01-07,REV018,launch,Low,9801
EV0008,2026-01-08,REV004,experiment,Low,37272
EV0009,2026-01-09,REV001,stakeholder_request,Low,15891
EV0010,2026-01-10,REV023,launch,Medium,9693
EV0011,2026-01-11,REV025,handoff,Low,16544
EV0012,2026-01-12,REV004,stakeholder_request,Medium,25958
EV0013,2026-01-13,REV016,experiment,Medium,19832
EV0014,2026-01-14,REV017,experiment,Medium,26333
EV0015,2026-01-15,REV020,exception,Medium,41072
EV0016,2026-01-16,REV004,handoff,Low,3039
EV0017,2026-01-17,REV017,exception,Low,25678
EV0018,2026-01-18,REV014,exception,Medium,14839
EV0019,2026-01-19,REV021,launch,Medium,32728
EV0020,2026-01-20,REV032,experiment,Medium,50340
EV0021,2026-01-21,REV023,handoff,Medium,9754
EV0022,2026-01-22,REV025,handoff,High,49018
EV0023,2026-01-23,REV003,qa_check,Medium,34250
EV0024,2026-01-24,REV008,stakeholder_request,Low,28452
EV0025,2026-01-25,REV006,launch,Low,43391
EV0026,2026-01-26,REV006,qa_check,Low,8795
EV0027,2026-01-27,REV032,exception,High,30487
EV0028,2026-01-28,REV030,launch,Medium,43443
EV0029,2026-01-29,REV026,stakeholder_request,Medium,38639
EV0030,2026-01-30,REV031,stakeholder_request,Low,46937
EV0031,2026-01-31,REV007,qa_check,Low,3122
EV0032,2026-02-01,REV005,qa_check,Low,38080
EV0033,2026-02-02,REV009,experiment,Medium,8989
EV0034,2026-02-03,REV035,experiment,Medium,25767
EV0035,2026-02-04,REV015,stakeholder_request,Medium,36886
EV0036,2026-02-05,REV036,stakeholder_request,High,1047
EV0037,2026-02-06,REV029,exception,Low,21093
EV0038,2026-02-07,REV022,exception,High,35387
EV0039,2026-02-08,REV033,handoff,Low,13780
EV0040,2026-02-09,REV024,launch,High,21667
EV0041,2026-02-10,REV011,stakeholder_request,Low,43482
EV0042,2026-02-11,REV021,experiment,High,36391
EV0043,2026-02-12,REV034,qa_check,High,28293
EV0044,2026-02-13,REV020,exception,Low,35615
EV0045,2026-02-14,REV017,launch,Medium,1281
EV0046,2026-02-15,REV011,exception,High,17591
EV0047,2026-02-16,REV010,experiment,Medium,30120
EV0048,2026-02-17,REV034,qa_check,High,34140
EV0049,2026-02-18,REV016,handoff,Medium,36935
EV0050,2026-02-19,REV016,experiment,High,50731
EV0051,2026-02-20,REV008,qa_check,Low,33381
EV0052,2026-02-21,REV034,stakeholder_request,Medium,15787
EV0053,2026-02-22,REV027,handoff,Low,49922
EV0054,2026-02-23,REV034,qa_check,High,36206
EV0055,2026-02-24,REV008,qa_check,Low,16842
EV0056,2026-02-25,REV008,launch,Low,41106
EV0057,2026-02-26,REV003,launch,Low,8971
EV0058,2026-02-27,REV023,experiment,High,15282
EV0059,2026-02-28,REV033,exception,Low,30129
EV0060,2026-03-01,REV029,exception,High,29883
EV0061,2026-03-02,REV005,stakeholder_request,High,6787
EV0062,2026-03-03,REV010,experiment,Low,18815
EV0063,2026-03-04,REV024,launch,High,42451
EV0064,2026-03-05,REV035,launch,Low,21850
EV0065,2026-03-06,REV010,exception,Low,5763
EV0066,2026-03-07,REV003,launch,Medium,18968
EV0067,2026-03-08,REV023,experiment,Low,48818
EV0068,2026-03-09,REV035,launch,High,25406
EV0069,2026-03-10,REV019,handoff,Low,47204
EV0070,2026-03-11,REV027,exception,High,35432
EV0071,2026-03-12,REV016,exception,High,21758
EV0072,2026-03-13,REV032,stakeholder_request,High,20836
EV0073,2026-03-14,REV013,experiment,Medium,48542
EV0074,2026-03-15,REV009,experiment,High,35643
EV0075,2026-03-16,REV001,experiment,Low,17537
EV0076,2026-03-17,REV016,qa_check,High,15033
EV0077,2026-03-18,REV013,exception,High,12556
EV0078,2026-03-19,REV019,launch,High,41001
EV0079,2026-03-20,REV015,launch,Low,24877
EV0080,2026-03-21,REV030,qa_check,Medium,44711
EV0081,2026-03-22,REV008,stakeholder_request,Medium,30592
EV0082,2026-03-23,REV016,handoff,Medium,27090
EV0083,2026-03-24,REV021,qa_check,Medium,19677
EV0084,2026-03-25,REV018,handoff,Low,25127
EV0085,2026-03-26,REV016,experiment,High,28279
EV0086,2026-03-27,REV017,qa_check,High,29895
EV0087,2026-03-28,REV011,exception,Low,19728
EV0088,2026-03-29,REV034,qa_check,High,10798
EV0089,2026-03-30,REV007,exception,Medium,26252
EV0090,2026-03-31,REV021,exception,Low,46023
EV0091,2026-04-01,REV030,stakeholder_request,Low,36434
EV0092,2026-04-02,REV021,launch,Medium,44225
EV0093,2026-04-03,REV004,experiment,High,40366
EV0094,2026-04-04,REV004,exception,Low,35919
EV0095,2026-04-05,REV030,stakeholder_request,Medium,26534
EV0096,2026-04-06,REV018,stakeholder_request,High,4603
EV0097,2026-04-07,REV002,launch,High,33418
EV0098,2026-04-08,REV013,qa_check,High,30086
EV0099,2026-04-09,REV007,experiment,Low,49812
EV0100,2026-04-10,REV011,exception,Low,23047
EV0101,2026-04-11,REV002,handoff,High,21363
EV0102,2026-04-12,REV025,experiment,Medium,29304
EV0103,2026-04-13,REV025,stakeholder_request,High,14824
EV0104,2026-04-14,REV035,exception,Medium,22308
EV0105,2026-04-15,REV036,handoff,High,25036
EV0106,2026-04-16,REV004,qa_check,Medium,7850
EV0107,2026-04-17,REV002,launch,Medium,42615
EV0108,2026-04-18,REV020,qa_check,Medium,28992
EV0109,2026-04-19,REV018,experiment,Low,21870
EV0110,2026-04-20,REV007,stakeholder_request,High,19713
EV0111,2026-04-21,REV019,launch,Low,6433
EV0112,2026-04-22,REV003,exception,High,22278
EV0113,2026-04-23,REV026,launch,Medium,611
EV0114,2026-04-24,REV032,launch,Medium,47318
EV0115,2026-04-25,REV029,qa_check,Low,49954
EV0116,2026-04-26,REV012,experiment,High,40138
EV0117,2026-04-27,REV004,experiment,Medium,16043
EV0118,2026-04-28,REV010,stakeholder_request,Medium,4739
EV0119,2026-04-29,REV032,experiment,High,23997
EV0120,2026-04-30,REV025,exception,Medium,28056
EV0121,2026-05-01,REV013,qa_check,Medium,37701
EV0122,2026-05-02,REV017,qa_check,High,49922
EV0123,2026-05-03,REV027,qa_check,Low,4745
EV0124,2026-05-04,REV033,exception,Medium,48244
EV0125,2026-05-05,REV036,experiment,High,4593
EV0126,2026-05-06,REV011,exception,High,21402
EV0127,2026-05-07,REV011,launch,Low,39460
EV0128,2026-05-08,REV035,qa_check,High,25365
EV0129,2026-05-09,REV017,handoff,Medium,34418
EV0130,2026-05-10,REV011,qa_check,Low,8024
EV0131,2026-05-11,REV004,handoff,High,46708
EV0132,2026-05-12,REV028,handoff,Low,7248
EV0133,2026-05-13,REV025,experiment,Medium,14784
EV0134,2026-05-14,REV013,handoff,Low,43156
EV0135,2026-05-15,REV010,exception,High,25570
EV0136,2026-05-16,REV006,handoff,High,13608
EV0137,2026-05-17,REV004,stakeholder_request,Low,18430
EV0138,2026-05-18,REV022,experiment,High,4915
EV0139,2026-05-19,REV005,stakeholder_request,Medium,7367
EV0140,2026-05-20,REV020,launch,High,39267
EV0141,2026-01-01,REV009,handoff,Medium,48938
EV0142,2026-01-02,REV008,qa_check,Medium,31381
EV0143,2026-01-03,REV008,qa_check,Medium,7378
EV0144,2026-01-04,REV030,exception,Low,5868
EV0145,2026-01-05,REV027,qa_check,Medium,43958
EV0146,2026-01-06,REV008,qa_check,High,8816
EV0147,2026-01-07,REV036,experiment,Medium,28053
EV0148,2026-01-08,REV005,handoff,Medium,22598
EV0149,2026-01-09,REV003,qa_check,Low,32927
EV0150,2026-01-10,REV012,stakeholder_request,High,38387
EV0151,2026-01-11,REV021,stakeholder_request,Medium,10741
EV0152,2026-01-12,REV024,experiment,High,28906
EV0153,2026-01-13,REV013,qa_check,Medium,37281
EV0154,2026-01-14,REV027,qa_check,Low,27379
EV0155,2026-01-15,REV028,qa_check,Medium,44900
EV0156,2026-01-16,REV020,handoff,Medium,3719
EV0157,2026-01-17,REV006,handoff,Low,22181
EV0158,2026-01-18,REV033,qa_check,Medium,1417
EV0159,2026-01-19,REV024,launch,High,10821
EV0160,2026-01-20,REV021,experiment,Medium,20164
EV0161,2026-01-21,REV012,launch,Medium,2728
EV0162,2026-01-22,REV015,stakeholder_request,Low,4684
EV0163,2026-01-23,REV020,exception,Medium,46345
EV0164,2026-01-24,REV003,exception,Medium,42786
EV0165,2026-01-25,REV030,launch,High,47184
EV0166,2026-01-26,REV029,experiment,Low,51640
EV0167,2026-01-27,REV027,experiment,Medium,35084
EV0168,2026-01-28,REV026,handoff,High,33765
EV0169,2026-01-29,REV018,qa_check,Low,22687
EV0170,2026-01-30,REV010,launch,High,27240
EV0171,2026-01-31,REV014,exception,Medium,21634
EV0172,2026-02-01,REV008,qa_check,High,7636
EV0173,2026-02-02,REV034,qa_check,High,10475
EV0174,2026-02-03,REV022,experiment,Medium,50656
EV0175,2026-02-04,REV005,experiment,High,8801
EV0176,2026-02-05,REV013,qa_check,High,34508
EV0177,2026-02-06,REV007,exception,Low,51598
EV0178,2026-02-07,REV035,exception,High,14989
EV0179,2026-02-08,REV008,exception,High,12314
EV0180,2026-02-09,REV023,stakeholder_request,Low,37284
EV0181,2026-02-10,REV026,qa_check,Low,47146
EV0182,2026-02-11,REV022,launch,Low,2495
EV0183,2026-02-12,REV036,launch,Medium,12548
EV0184,2026-02-13,REV003,exception,High,876
EV0185,2026-02-14,REV005,qa_check,Medium,18957
EV0186,2026-02-15,REV032,exception,High,30299
EV0187,2026-02-16,REV035,handoff,High,9238
EV0188,2026-02-17,REV007,launch,High,26927
EV0189,2026-02-18,REV034,launch,Medium,9845
EV0190,2026-02-19,REV030,handoff,Low,2116
EV0191,2026-02-20,REV018,handoff,High,24704
EV0192,2026-02-21,REV021,stakeholder_request,High,28028
EV0193,2026-02-22,REV019,exception,High,35314
EV0194,2026-02-23,REV005,exception,High,20469
EV0195,2026-02-24,REV021,stakeholder_request,High,4065
EV0196,2026-02-25,REV035,launch,Medium,39939
EV0197,2026-02-26,REV029,stakeholder_request,High,35276
EV0198,2026-02-27,REV034,qa_check,High,29408
EV0199,2026-02-28,REV027,experiment,Medium,24456
EV0200,2026-03-01,REV029,exception,Low,18805
EV0201,2026-03-02,REV003,stakeholder_request,Low,31774
EV0202,2026-03-03,REV019,exception,Medium,23729
EV0203,2026-03-04,REV031,stakeholder_request,Low,40755
EV0204,2026-03-05,REV010,launch,High,50376
EV0205,2026-03-06,REV033,qa_check,Low,29195
EV0206,2026-03-07,REV012,exception,Low,691
EV0207,2026-03-08,REV030,exception,Low,43293
EV0208,2026-03-09,REV032,launch,Medium,44227
EV0209,2026-03-10,REV031,handoff,Medium,17496
EV0210,2026-03-11,REV020,stakeholder_request,Low,14737
EV0211,2026-03-12,REV021,exception,Medium,9577
EV0212,2026-03-13,REV020,qa_check,High,45973
EV0213,2026-03-14,REV013,qa_check,Medium,26915
EV0214,2026-03-15,REV004,qa_check,Low,26212
EV0215,2026-03-16,REV027,experiment,High,10508
EV0216,2026-03-17,REV007,launch,Medium,34493
EV0217,2026-03-18,REV017,qa_check,Low,28195
EV0218,2026-03-19,REV014,launch,Low,7582
EV0219,2026-03-20,REV018,experiment,High,7601
EV0220,2026-03-21,REV020,handoff,Medium,28145
EV0221,2026-03-22,REV026,experiment,Low,38801
EV0222,2026-03-23,REV003,stakeholder_request,High,49650
EV0223,2026-03-24,REV016,experiment,Low,10702
EV0224,2026-03-25,REV007,experiment,Medium,36484
EV0225,2026-03-26,REV033,launch,Low,23140
EV0226,2026-03-27,REV035,exception,Low,4281
EV0227,2026-03-28,REV012,qa_check,Medium,29705
EV0228,2026-03-29,REV005,launch,Medium,11984
EV0229,2026-03-30,REV034,handoff,Low,50276
EV0230,2026-03-31,REV028,experiment,Medium,2613
EV0231,2026-04-01,REV032,handoff,Low,26277
EV0232,2026-04-02,REV026,qa_check,Low,7757
EV0233,2026-04-03,REV024,handoff,High,39654
EV0234,2026-04-04,REV032,exception,Low,46282
EV0235,2026-04-05,REV025,exception,High,20070
EV0236,2026-04-06,REV015,stakeholder_request,Medium,26266
EV0237,2026-04-07,REV019,experiment,High,21815
EV0238,2026-04-08,REV013,exception,Low,10638
EV0239,2026-04-09,REV033,experiment,Low,40443
EV0240,2026-04-10,REV024,qa_check,Medium,22551
EV0241,2026-04-11,REV023,experiment,Medium,38616
EV0242,2026-04-12,REV017,exception,Medium,8463
EV0243,2026-04-13,REV008,qa_check,Low,26680
EV0244,2026-04-14,REV024,qa_check,Medium,10443
EV0245,2026-04-15,REV013,experiment,High,43449
EV0246,2026-04-16,REV028,qa_check,Low,32693
EV0247,2026-04-17,REV015,experiment,Medium,37212
EV0248,2026-04-18,REV007,exception,High,14286
EV0249,2026-04-19,REV009,launch,High,7459
EV0250,2026-04-20,REV026,stakeholder_request,High,11131
EV0251,2026-04-21,REV016,experiment,Medium,46828
EV0252,2026-04-22,REV014,experiment,Low,20650
EV0253,2026-04-23,REV029,qa_check,Low,25763
EV0254,2026-04-24,REV023,stakeholder_request,Medium,15673
EV0255,2026-04-25,REV003,handoff,Low,1402
EV0256,2026-04-26,REV024,handoff,Medium,33058
EV0257,2026-04-27,REV011,handoff,High,11671
EV0258,2026-04-28,REV014,qa_check,Medium,8022
EV0259,2026-04-29,REV031,experiment,Medium,27107
EV0260,2026-04-30,REV012,qa_check,Low,23699
EV0261,2026-05-01,REV023,qa_check,High,8898
EV0262,2026-05-02,REV010,qa_check,High,48907
EV0263,2026-05-03,REV027,launch,High,21636
EV0264,2026-05-04,REV023,stakeholder_request,Medium,39646
EV0265,2026-05-05,REV004,launch,Medium,40293
EV0266,2026-05-06,REV030,stakeholder_request,Medium,43803
EV0267,2026-05-07,REV035,launch,Low,17918
EV0268,2026-05-08,REV013,qa_check,High,51582
EV0269,2026-05-09,REV006,exception,Medium,8048
EV0270,2026-05-10,REV024,launch,High,3650
EV0271,2026-05-11,REV001,handoff,Low,32841
EV0272,2026-05-12,REV031,experiment,Low,8508
EV0273,2026-05-13,REV013,handoff,Low,5924
EV0274,2026-05-14,REV008,handoff,High,48070
EV0275,2026-05-15,REV007,stakeholder_request,Low,18965
EV0276,2026-05-16,REV023,experiment,Low,46972
EV0277,2026-05-17,REV003,qa_check,Medium,13463
EV0278,2026-05-18,REV022,handoff,Low,48088
EV0279,2026-05-19,REV021,launch,Low,22248
EV0280,2026-05-20,REV011,stakeholder_request,High,30780
EV0281,2026-01-01,REV011,launch,High,2214
EV0282,2026-01-02,REV014,handoff,Medium,41349
EV0283,2026-01-03,REV031,qa_check,Low,30758
EV0284,2026-01-04,REV015,exception,High,17720
EV0285,2026-01-05,REV020,stakeholder_request,High,41947
EV0286,2026-01-06,REV017,exception,Medium,29337
EV0287,2026-01-07,REV001,experiment,High,29395
EV0288,2026-01-08,REV006,experiment,Low,5279
EV0289,2026-01-09,REV021,stakeholder_request,Low,46371
EV0290,2026-01-10,REV030,exception,Medium,32095
EV0291,2026-01-11,REV011,handoff,Low,3110
EV0292,2026-01-12,REV010,launch,Low,36860
EV0293,2026-01-13,REV008,handoff,Low,33858
EV0294,2026-01-14,REV015,handoff,Medium,39943
EV0295,2026-01-15,REV033,qa_check,Medium,43123
EV0296,2026-01-16,REV028,launch,Low,50502
EV0297,2026-01-17,REV009,handoff,Low,27655
EV0298,2026-01-18,REV029,handoff,High,16694
EV0299,2026-01-19,REV030,experiment,Medium,41140
EV0300,2026-01-20,REV032,qa_check,High,36601
EV0301,2026-01-21,REV005,launch,Medium,7610
EV0302,2026-01-22,REV009,stakeholder_request,High,5879
EV0303,2026-01-23,REV026,exception,High,1577
EV0304,2026-01-24,REV026,qa_check,Low,41125
EV0305,2026-01-25,REV033,handoff,High,16383
EV0306,2026-01-26,REV009,handoff,Low,30960
EV0307,2026-01-27,REV023,experiment,High,44771
EV0308,2026-01-28,REV008,exception,Medium,14335
EV0309,2026-01-29,REV031,stakeholder_request,High,8172
EV0310,2026-01-30,REV020,launch,Low,47052
EV0311,2026-01-31,REV032,experiment,Medium,49708
EV0312,2026-02-01,REV029,qa_check,High,20004
EV0313,2026-02-02,REV019,launch,Low,6425
EV0314,2026-02-03,REV029,exception,Medium,47138
EV0315,2026-02-04,REV032,exception,Medium,17732
EV0316,2026-02-05,REV013,exception,Medium,32633
EV0317,2026-02-06,REV013,exception,High,4065
EV0318,2026-02-07,REV020,launch,Medium,13794
EV0319,2026-02-08,REV032,experiment,Medium,24271
EV0320,2026-02-09,REV035,stakeholder_request,Medium,43674
EV0321,2026-02-10,REV021,exception,Medium,18206
EV0322,2026-02-11,REV030,qa_check,Medium,25402
EV0323,2026-02-12,REV028,qa_check,Low,16054
EV0324,2026-02-13,REV024,handoff,Low,13245
EV0325,2026-02-14,REV002,experiment,Medium,41869
EV0326,2026-02-15,REV006,stakeholder_request,High,1872
EV0327,2026-02-16,REV036,exception,Low,20327
EV0328,2026-02-17,REV015,stakeholder_request,Medium,27851
EV0329,2026-02-18,REV035,qa_check,Medium,47206
EV0330,2026-02-19,REV012,qa_check,Low,16857
EV0331,2026-02-20,REV012,exception,Medium,45076
EV0332,2026-02-21,REV025,exception,Low,46101
EV0333,2026-02-22,REV030,experiment,Low,40215
EV0334,2026-02-23,REV003,exception,Low,43477
EV0335,2026-02-24,REV022,exception,Low,30741
EV0336,2026-02-25,REV019,handoff,High,4929
EV0337,2026-02-26,REV003,exception,Low,12460
EV0338,2026-02-27,REV002,qa_check,Low,9035
EV0339,2026-02-28,REV023,launch,Low,7938
EV0340,2026-03-01,REV005,qa_check,High,28811
EV0341,2026-03-02,REV002,exception,High,47290
EV0342,2026-03-03,REV022,qa_check,Low,4235
EV0343,2026-03-04,REV034,qa_check,Low,49180
EV0344,2026-03-05,REV032,launch,Low,20984
EV0345,2026-03-06,REV026,qa_check,Low,14057
EV0346,2026-03-07,REV018,qa_check,Low,28901
EV0347,2026-03-08,REV023,experiment,Low,14589
EV0348,2026-03-09,REV034,handoff,Low,27165
EV0349,2026-03-10,REV019,handoff,Medium,34835
EV0350,2026-03-11,REV030,handoff,Medium,46697
EV0351,2026-03-12,REV008,exception,Low,18620
EV0352,2026-03-13,REV010,qa_check,Medium,32770
EV0353,2026-03-14,REV006,handoff,Medium,24140
EV0354,2026-03-15,REV029,handoff,Medium,39846
EV0355,2026-03-16,REV012,launch,Low,21279
EV0356,2026-03-17,REV010,stakeholder_request,Low,17632
EV0357,2026-03-18,REV016,experiment,Low,1147
EV0358,2026-03-19,REV019,qa_check,Medium,12347
EV0359,2026-03-20,REV023,exception,Medium,37340
EV0360,2026-03-21,REV026,qa_check,Medium,10720
EV0361,2026-03-22,REV004,stakeholder_request,Medium,41410
EV0362,2026-03-23,REV030,handoff,Low,44694
EV0363,2026-03-24,REV022,exception,Low,36565
EV0364,2026-03-25,REV018,qa_check,High,41860
EV0365,2026-03-26,REV020,stakeholder_request,Low,22578
EV0366,2026-03-27,REV004,stakeholder_request,Medium,39597
EV0367,2026-03-28,REV011,experiment,High,49922
EV0368,2026-03-29,REV015,handoff,Medium,41948
EV0369,2026-03-30,REV028,stakeholder_request,Medium,39618
EV0370,2026-03-31,REV004,exception,High,34198
EV0371,2026-04-01,REV010,launch,Medium,18306
EV0372,2026-04-02,REV004,stakeholder_request,High,678
EV0373,2026-04-03,REV001,handoff,Low,47532
EV0374,2026-04-04,REV027,qa_check,Low,48790
EV0375,2026-04-05,REV011,experiment,Medium,1755
EV0376,2026-04-06,REV027,exception,Low,21249
EV0377,2026-04-07,REV027,exception,Medium,19074
EV0378,2026-04-08,REV034,experiment,Medium,38539
EV0379,2026-04-09,REV007,handoff,Low,28169
EV0380,2026-04-10,REV033,handoff,Medium,14594
EV0381,2026-04-11,REV015,qa_check,High,50970
EV0382,2026-04-12,REV013,qa_check,High,51197
EV0383,2026-04-13,REV024,exception,Low,45032
EV0384,2026-04-14,REV012,qa_check,High,11594
EV0385,2026-04-15,REV006,handoff,Low,6639
EV0386,2026-04-16,REV010,launch,Medium,24328
EV0387,2026-04-17,REV004,exception,Low,25625
EV0388,2026-04-18,REV030,exception,Low,11797
EV0389,2026-04-19,REV029,exception,High,34408
EV0390,2026-04-20,REV016,qa_check,High,46021
EV0391,2026-04-21,REV014,launch,Low,23750
EV0392,2026-04-22,REV035,stakeholder_request,Low,38137
EV0393,2026-04-23,REV019,qa_check,Medium,4231
EV0394,2026-04-24,REV029,handoff,Medium,49109
EV0395,2026-04-25,REV026,launch,High,22446
EV0396,2026-04-26,REV001,stakeholder_request,High,37153
EV0397,2026-04-27,REV026,stakeholder_request,Medium,25914
EV0398,2026-04-28,REV012,stakeholder_request,High,20391
EV0399,2026-04-29,REV015,stakeholder_request,High,40211
EV0400,2026-04-30,REV025,exception,Low,36710
EV0401,2026-05-01,REV029,launch,Low,40323
EV0402,2026-05-02,REV032,handoff,Low,3850
EV0403,2026-05-03,REV025,launch,High,31214
EV0404,2026-05-04,REV032,handoff,Medium,46211
EV0405,2026-05-05,REV004,stakeholder_request,Medium,28613
EV0406,2026-05-06,REV035,exception,Medium,870
EV0407,2026-05-07,REV022,exception,High,43022
EV0408,2026-05-08,REV024,stakeholder_request,High,8325
EV0409,2026-05-09,REV018,experiment,Low,15441
EV0410,2026-05-10,REV021,exception,High,24955
EV0411,2026-05-11,REV024,qa_check,Medium,13813
EV0412,2026-05-12,REV035,launch,Low,8197
EV0413,2026-05-13,REV014,experiment,High,20686
EV0414,2026-05-14,REV002,stakeholder_request,Low,1948
EV0415,2026-05-15,REV030,stakeholder_request,Medium,33096
EV0416,2026-05-16,REV013,stakeholder_request,Low,19174
EV0417,2026-05-17,REV016,handoff,Medium,11167
EV0418,2026-05-18,REV026,launch,Low,30752
EV0419,2026-05-19,REV007,stakeholder_request,Low,35931
EV0420,2026-05-20,REV001,experiment,Medium,9018
EV0421,2026-01-01,REV016,experiment,Medium,6864
EV0422,2026-01-02,REV034,launch,High,26045
EV0423,2026-01-03,REV032,stakeholder_request,High,12147
EV0424,2026-01-04,REV014,launch,Low,46129
EV0425,2026-01-05,REV002,launch,High,32636
EV0426,2026-01-06,REV027,stakeholder_request,Medium,30502
EV0427,2026-01-07,REV029,handoff,Medium,9561
EV0428,2026-01-08,REV001,qa_check,Medium,45260
EV0429,2026-01-09,REV022,launch,Low,18438
EV0430,2026-01-10,REV026,launch,High,12011
EV0431,2026-01-11,REV019,exception,High,34197
EV0432,2026-01-12,REV019,exception,Medium,28241
EV0433,2026-01-13,REV002,exception,High,8540
EV0434,2026-01-14,REV031,exception,Low,21395
EV0435,2026-01-15,REV035,stakeholder_request,Medium,2003
EV0436,2026-01-16,REV006,handoff,High,24190
EV0437,2026-01-17,REV024,handoff,Medium,10249
EV0438,2026-01-18,REV008,qa_check,Medium,41127
EV0439,2026-01-19,REV016,qa_check,Low,51072
EV0440,2026-01-20,REV031,handoff,Low,21240
EV0441,2026-01-21,REV028,handoff,High,48624
EV0442,2026-01-22,REV034,launch,High,40051
EV0443,2026-01-23,REV005,exception,Medium,29859
EV0444,2026-01-24,REV030,handoff,Medium,21252
EV0445,2026-01-25,REV029,qa_check,Low,15196
EV0446,2026-01-26,REV032,stakeholder_request,Low,28101
EV0447,2026-01-27,REV011,exception,Low,15402
EV0448,2026-01-28,REV021,stakeholder_request,Medium,43037
EV0449,2026-01-29,REV032,launch,Medium,31688
EV0450,2026-01-30,REV021,exception,Medium,8019
EV0451,2026-01-31,REV025,experiment,High,7537
EV0452,2026-02-01,REV021,qa_check,Low,22573
EV0453,2026-02-02,REV027,experiment,Medium,41232
EV0454,2026-02-03,REV034,stakeholder_request,Medium,30073
EV0455,2026-02-04,REV025,experiment,High,35121
EV0456,2026-02-05,REV005,handoff,High,22223
EV0457,2026-02-06,REV020,exception,Low,17588
EV0458,2026-02-07,REV004,exception,High,40777
EV0459,2026-02-08,REV035,exception,Medium,4749
EV0460,2026-02-09,REV008,experiment,High,27958
EV0461,2026-02-10,REV023,launch,High,19864
EV0462,2026-02-11,REV010,experiment,High,40610
EV0463,2026-02-12,REV008,experiment,High,12971
EV0464,2026-02-13,REV007,experiment,Medium,4068
EV0465,2026-02-14,REV014,stakeholder_request,Low,41233
EV0466,2026-02-15,REV018,experiment,Low,35735
EV0467,2026-02-16,REV008,qa_check,Medium,40512
EV0468,2026-02-17,REV026,launch,Low,50890
EV0469,2026-02-18,REV001,exception,Low,12153
EV0470,2026-02-19,REV017,handoff,Low,41213
EV0471,2026-02-20,REV014,launch,Medium,6994
EV0472,2026-02-21,REV019,qa_check,Medium,47521
EV0473,2026-02-22,REV016,experiment,High,9587
EV0474,2026-02-23,REV016,handoff,High,32730
EV0475,2026-02-24,REV027,handoff,Medium,31648
EV0476,2026-02-25,REV009,handoff,Medium,15536
EV0477,2026-02-26,REV036,handoff,High,2717
EV0478,2026-02-27,REV031,handoff,Low,1309
EV0479,2026-02-28,REV024,qa_check,Low,24540
EV0480,2026-03-01,REV008,qa_check,Low,19211
EV0481,2026-03-02,REV010,qa_check,High,10669
EV0482,2026-03-03,REV013,stakeholder_request,Medium,8031
EV0483,2026-03-04,REV026,experiment,Medium,50283
EV0484,2026-03-05,REV010,qa_check,High,14239
EV0485,2026-03-06,REV001,qa_check,High,2727
EV0486,2026-03-07,REV016,launch,High,32756
EV0487,2026-03-08,REV017,stakeholder_request,Medium,22263
EV0488,2026-03-09,REV019,qa_check,High,5448
EV0489,2026-03-10,REV031,stakeholder_request,High,4553
EV0490,2026-03-11,REV014,handoff,Low,28836
EV0491,2026-03-12,REV010,exception,High,14849
EV0492,2026-03-13,REV011,exception,Medium,50022
EV0493,2026-03-14,REV004,exception,Medium,49908
EV0494,2026-03-15,REV034,launch,Low,29340
EV0495,2026-03-16,REV006,exception,Medium,9121
EV0496,2026-03-17,REV031,qa_check,Medium,3220
EV0497,2026-03-18,REV022,stakeholder_request,High,29367
EV0498,2026-03-19,REV010,experiment,Low,47271
EV0499,2026-03-20,REV019,launch,Low,50581
EV0500,2026-03-21,REV008,exception,Medium,36590
EV0501,2026-03-22,REV021,exception,Low,2541
EV0502,2026-03-23,REV027,handoff,High,27281
EV0503,2026-03-24,REV003,handoff,Medium,46377
EV0504,2026-03-25,REV033,stakeholder_request,High,23195
EV0505,2026-03-26,REV014,exception,Medium,46795
EV0506,2026-03-27,REV022,qa_check,Medium,3394
EV0507,2026-03-28,REV020,handoff,Low,26020
EV0508,2026-03-29,REV035,qa_check,Medium,4326
EV0509,2026-03-30,REV012,qa_check,High,2963
EV0510,2026-03-31,REV035,stakeholder_request,High,50724
EV0511,2026-04-01,REV020,launch,Medium,41600
EV0512,2026-04-02,REV019,launch,High,38223
EV0513,2026-04-03,REV019,experiment,Medium,45073
EV0514,2026-04-04,REV020,stakeholder_request,High,31192
EV0515,2026-04-05,REV012,experiment,Low,16510
EV0516,2026-04-06,REV028,launch,Medium,48792
EV0517,2026-04-07,REV025,stakeholder_request,Low,14062
EV0518,2026-04-08,REV016,experiment,High,8746
EV0519,2026-04-09,REV027,handoff,High,6161
EV0520,2026-04-10,REV026,experiment,Low,34829
EV0521,2026-04-11,REV031,qa_check,Low,38995
EV0522,2026-04-12,REV001,stakeholder_request,High,46581
EV0523,2026-04-13,REV031,qa_check,High,46702
EV0524,2026-04-14,REV002,launch,Medium,21732
EV0525,2026-04-15,REV014,exception,Medium,25284
EV0526,2026-04-16,REV025,exception,High,4354
EV0527,2026-04-17,REV032,handoff,High,3738
EV0528,2026-04-18,REV030,exception,Low,13223
EV0529,2026-04-19,REV021,stakeholder_request,Low,18407
EV0530,2026-04-20,REV025,handoff,High,4907
EV0531,2026-04-21,REV001,launch,Medium,39050
EV0532,2026-04-22,REV015,experiment,High,46067
EV0533,2026-04-23,REV023,stakeholder_request,High,1128
EV0534,2026-04-24,REV035,qa_check,High,25483
EV0535,2026-04-25,REV005,exception,High,47313
EV0536,2026-04-26,REV009,launch,Low,38791
EV0537,2026-04-27,REV015,experiment,Low,51212
EV0538,2026-04-28,REV031,stakeholder_request,Low,3946
EV0539,2026-04-29,REV025,handoff,Low,19814
EV0540,2026-04-30,REV024,experiment,High,900
EV0541,2026-05-01,REV006,exception,Low,35648
EV0542,2026-05-02,REV005,exception,Medium,47999
EV0543,2026-05-03,REV019,handoff,Low,47672
EV0544,2026-05-04,REV025,experiment,Low,36099
EV0545,2026-05-05,REV017,launch,Medium,25866
EV0546,2026-05-06,REV021,handoff,Low,26403
EV0547,2026-05-07,REV025,handoff,Medium,16057
EV0548,2026-05-08,REV030,launch,High,36512
EV0549,2026-05-09,REV001,stakeholder_request,High,43454
EV0550,2026-05-10,REV032,exception,High,35697
EV0551,2026-05-11,REV006,experiment,High,19406
EV0552,2026-05-12,REV036,qa_check,Medium,46395
EV0553,2026-05-13,REV014,qa_check,Medium,11879
EV0554,2026-05-14,REV020,qa_check,Low,42914
EV0555,2026-05-15,REV029,experiment,Medium,4147
EV0556,2026-05-16,REV006,launch,High,7864
EV0557,2026-05-17,REV030,exception,Low,17207
EV0558,2026-05-18,REV019,handoff,Low,43303
EV0559,2026-05-19,REV002,launch,Low,29412
EV0560,2026-05-20,REV009,launch,Low,21605
EV0561,2026-01-01,REV007,handoff,Low,2319
EV0562,2026-01-02,REV008,exception,High,12044
EV0563,2026-01-03,REV028,exception,Medium,12759
EV0564,2026-01-04,REV001,experiment,Medium,41098
EV0565,2026-01-05,REV022,qa_check,High,27628
EV0566,2026-01-06,REV005,experiment,Low,10471
EV0567,2026-01-07,REV004,stakeholder_request,High,42390
EV0568,2026-01-08,REV027,stakeholder_request,High,30334
EV0569,2026-01-09,REV014,qa_check,High,16804
EV0570,2026-01-10,REV027,stakeholder_request,High,34787
EV0571,2026-01-11,REV009,experiment,Medium,19870
EV0572,2026-01-12,REV004,stakeholder_request,High,18534
EV0573,2026-01-13,REV030,handoff,Low,17488
EV0574,2026-01-14,REV014,experiment,High,19285
EV0575,2026-01-15,REV009,experiment,High,23845
EV0576,2026-01-16,REV034,handoff,Low,51868
EV0577,2026-01-17,REV034,launch,Medium,50012
EV0578,2026-01-18,REV034,handoff,High,45567
EV0579,2026-01-19,REV031,launch,Medium,4263
EV0580,2026-01-20,REV007,experiment,High,42174
EV0581,2026-01-21,REV015,handoff,Medium,7616
EV0582,2026-01-22,REV028,launch,Medium,36761
EV0583,2026-01-23,REV012,stakeholder_request,Low,43088
EV0584,2026-01-24,REV020,handoff,Medium,27673
EV0585,2026-01-25,REV010,stakeholder_request,Medium,20171
EV0586,2026-01-26,REV014,experiment,Medium,18239
EV0587,2026-01-27,REV008,launch,High,48525
EV0588,2026-01-28,REV013,launch,Medium,21696
EV0589,2026-01-29,REV029,qa_check,Medium,45393
EV0590,2026-01-30,REV016,experiment,High,17840
EV0591,2026-01-31,REV008,handoff,Low,15733
EV0592,2026-02-01,REV015,qa_check,Low,15893
EV0593,2026-02-02,REV009,experiment,High,26566
EV0594,2026-02-03,REV012,qa_check,Medium,17585
EV0595,2026-02-04,REV032,launch,High,30048
EV0596,2026-02-05,REV029,experiment,Medium,34960
EV0597,2026-02-06,REV028,handoff,Low,50256
EV0598,2026-02-07,REV008,experiment,Medium,8398
EV0599,2026-02-08,REV022,experiment,Medium,12699
EV0600,2026-02-09,REV023,stakeholder_request,High,36853
EV0601,2026-02-10,REV006,stakeholder_request,Low,40536
EV0602,2026-02-11,REV025,experiment,Medium,44820
EV0603,2026-02-12,REV011,launch,Low,33028
EV0604,2026-02-13,REV036,launch,High,19007
EV0605,2026-02-14,REV024,qa_check,Medium,19698
EV0606,2026-02-15,REV024,experiment,Medium,42236
EV0607,2026-02-16,REV010,handoff,Low,2710
EV0608,2026-02-17,REV020,handoff,Medium,21558
EV0609,2026-02-18,REV029,stakeholder_request,High,8476
EV0610,2026-02-19,REV005,exception,High,37586
EV0611,2026-02-20,REV034,qa_check,Low,39468
EV0612,2026-02-21,REV020,qa_check,High,27556
EV0613,2026-02-22,REV008,experiment,Low,29264
EV0614,2026-02-23,REV002,experiment,High,38089
EV0615,2026-02-24,REV031,stakeholder_request,Low,6796
EV0616,2026-02-25,REV022,experiment,High,17690
EV0617,2026-02-26,REV015,exception,Low,6334
EV0618,2026-02-27,REV002,experiment,Medium,24457
EV0619,2026-02-28,REV008,launch,Medium,32174
EV0620,2026-03-01,REV013,handoff,High,25004
EV0621,2026-03-02,REV023,exception,High,26555
EV0622,2026-03-03,REV013,qa_check,High,5618
EV0623,2026-03-04,REV036,stakeholder_request,High,46789
EV0624,2026-03-05,REV018,handoff,Medium,35115
EV0625,2026-03-06,REV023,exception,Low,33613
EV0626,2026-03-07,REV018,exception,Low,21933
EV0627,2026-03-08,REV017,exception,Low,46255
EV0628,2026-03-09,REV016,handoff,High,40932
EV0629,2026-03-10,REV019,handoff,Medium,37228
EV0630,2026-03-11,REV007,handoff,Medium,45415
EV0631,2026-03-12,REV009,launch,High,42329
EV0632,2026-03-13,REV006,handoff,Medium,45875
EV0633,2026-03-14,REV022,experiment,Low,13372
EV0634,2026-03-15,REV007,launch,High,34448
EV0635,2026-03-16,REV036,exception,Medium,14629
EV0636,2026-03-17,REV002,handoff,Low,15596
EV0637,2026-03-18,REV003,experiment,High,10492
EV0638,2026-03-19,REV035,experiment,High,40004
EV0639,2026-03-20,REV007,exception,High,16857
EV0640,2026-03-21,REV025,experiment,High,35694
EV0641,2026-03-22,REV033,qa_check,Low,49723
EV0642,2026-03-23,REV023,experiment,Low,2863
EV0643,2026-03-24,REV003,exception,High,25514
EV0644,2026-03-25,REV024,experiment,Low,5935
EV0645,2026-03-26,REV028,exception,High,25112
EV0646,2026-03-27,REV027,experiment,Low,14334
EV0647,2026-03-28,REV011,launch,Low,46120
EV0648,2026-03-29,REV014,stakeholder_request,High,3974
EV0649,2026-03-30,REV022,experiment,Medium,15834
EV0650,2026-03-31,REV001,exception,Low,10470
EV0651,2026-04-01,REV032,handoff,Low,13435
EV0652,2026-04-02,REV033,experiment,High,31067
EV0653,2026-04-03,REV024,launch,Medium,31909
EV0654,2026-04-04,REV010,exception,High,32788
EV0655,2026-04-05,REV036,qa_check,High,673
EV0656,2026-04-06,REV028,qa_check,Low,15298
EV0657,2026-04-07,REV007,stakeholder_request,High,17426
EV0658,2026-04-08,REV006,qa_check,High,25489
EV0659,2026-04-09,REV023,handoff,High,16723
EV0660,2026-04-10,REV025,handoff,Low,20789
EV0661,2026-04-11,REV008,exception,Medium,8257
EV0662,2026-04-12,REV002,qa_check,High,44676
EV0663,2026-04-13,REV024,handoff,Medium,9370
EV0664,2026-04-14,REV019,handoff,Medium,44927
EV0665,2026-04-15,REV020,experiment,Medium,32277
EV0666,2026-04-16,REV026,qa_check,High,4072
EV0667,2026-04-17,REV015,exception,Medium,23011
EV0668,2026-04-18,REV002,experiment,Low,21578
EV0669,2026-04-19,REV013,stakeholder_request,High,9584
EV0670,2026-04-20,REV009,launch,High,38740
EV0671,2026-04-21,REV024,exception,Medium,47374
EV0672,2026-04-22,REV023,handoff,Low,30305
EV0673,2026-04-23,REV005,experiment,Low,13218
EV0674,2026-04-24,REV033,exception,Medium,44800
EV0675,2026-04-25,REV011,exception,High,20738
EV0676,2026-04-26,REV009,exception,Low,42090
EV0677,2026-04-27,REV016,qa_check,Medium,14876
EV0678,2026-04-28,REV028,qa_check,Medium,43149
EV0679,2026-04-29,REV010,stakeholder_request,Low,39151
EV0680,2026-04-30,REV005,launch,Medium,25551
EV0681,2026-05-01,REV028,exception,Medium,42635
EV0682,2026-05-02,REV026,handoff,High,28181
EV0683,2026-05-03,REV012,exception,Low,50648
EV0684,2026-05-04,REV027,handoff,Medium,1662
EV0685,2026-05-05,REV011,stakeholder_request,High,29670
EV0686,2026-05-06,REV007,experiment,High,22503
EV0687,2026-05-07,REV029,qa_check,Low,12972
EV0688,2026-05-08,REV015,launch,High,46968
EV0689,2026-05-09,REV027,exception,High,23469
EV0690,2026-05-10,REV032,launch,Low,28657
EV0691,2026-05-11,REV017,handoff,Low,51289
EV0692,2026-05-12,REV010,launch,Low,39310
EV0693,2026-05-13,REV007,launch,High,34559
EV0694,2026-05-14,REV028,stakeholder_request,High,32333
EV0695,2026-05-15,REV014,experiment,Low,49412
EV0696,2026-05-16,REV036,qa_check,High,21537
EV0697,2026-05-17,REV031,experiment,Medium,39716
EV0698,2026-05-18,REV027,launch,Medium,5596
EV0699,2026-05-19,REV024,experiment,High,13515
EV0700,2026-05-20,REV024,stakeholder_request,Medium,50230
EV0701,2026-01-01,REV032,launch,Medium,36691
EV0702,2026-01-02,REV019,handoff,Low,13098
EV0703,2026-01-03,REV008,handoff,High,23852
EV0704,2026-01-04,REV020,experiment,High,44417
EV0705,2026-01-05,REV010,stakeholder_request,Low,47426
EV0706,2026-01-06,REV015,launch,Medium,9298
EV0707,2026-01-07,REV028,handoff,Medium,31982
EV0708,2026-01-08,REV036,stakeholder_request,High,46296
EV0709,2026-01-09,REV020,stakeholder_request,Medium,18270
EV0710,2026-01-10,REV006,exception,High,47686
EV0711,2026-01-11,REV015,launch,Low,18477
EV0712,2026-01-12,REV003,experiment,Medium,18450
EV0713,2026-01-13,REV025,experiment,High,29203
EV0714,2026-01-14,REV025,stakeholder_request,Low,26493
EV0715,2026-01-15,REV024,qa_check,High,47653
EV0716,2026-01-16,REV021,handoff,Medium,1566
EV0717,2026-01-17,REV030,exception,High,39552
EV0718,2026-01-18,REV002,experiment,High,916
EV0719,2026-01-19,REV001,qa_check,Medium,13277
EV0720,2026-01-20,REV025,stakeholder_request,Medium,14655
EV0721,2026-01-21,REV007,experiment,Medium,45708
EV0722,2026-01-22,REV003,experiment,High,31837
EV0723,2026-01-23,REV003,launch,Low,2295
EV0724,2026-01-24,REV032,launch,High,6772
EV0725,2026-01-25,REV029,experiment,Medium,32848
EV0726,2026-01-26,REV011,handoff,Low,34538
EV0727,2026-01-27,REV003,qa_check,High,40545
EV0728,2026-01-28,REV026,launch,Low,14731
EV0729,2026-01-29,REV013,experiment,Low,29654
EV0730,2026-01-30,REV027,exception,High,39421
EV0731,2026-01-31,REV030,experiment,High,44480
EV0732,2026-02-01,REV023,handoff,Low,11829
EV0733,2026-02-02,REV001,stakeholder_request,Low,8527
EV0734,2026-02-03,REV026,exception,Low,40729
EV0735,2026-02-04,REV019,launch,Low,30382
EV0736,2026-02-05,REV027,handoff,Medium,14059
EV0737,2026-02-06,REV008,launch,High,43311
EV0738,2026-02-07,REV024,qa_check,High,51262
EV0739,2026-02-08,REV020,stakeholder_request,Low,14584
EV0740,2026-02-09,REV025,handoff,High,31833
EV0741,2026-02-10,REV018,handoff,Medium,3509
EV0742,2026-02-11,REV030,qa_check,Low,2597
EV0743,2026-02-12,REV011,launch,Medium,16690
EV0744,2026-02-13,REV016,launch,High,21697
EV0745,2026-02-14,REV009,exception,Medium,21002
EV0746,2026-02-15,REV013,stakeholder_request,High,5807
EV0747,2026-02-16,REV034,stakeholder_request,Low,11288
EV0748,2026-02-17,REV005,stakeholder_request,Low,44056
EV0749,2026-02-18,REV023,qa_check,High,29770
EV0750,2026-02-19,REV030,qa_check,Low,45679
EV0751,2026-02-20,REV011,qa_check,Medium,34178
EV0752,2026-02-21,REV030,qa_check,Medium,8884
EV0753,2026-02-22,REV013,qa_check,High,26606
EV0754,2026-02-23,REV008,experiment,Medium,35434
EV0755,2026-02-24,REV021,exception,Low,31079
EV0756,2026-02-25,REV011,launch,Medium,39452
EV0757,2026-02-26,REV015,experiment,High,22840
EV0758,2026-02-27,REV023,experiment,High,25943
EV0759,2026-02-28,REV011,experiment,High,15359
EV0760,2026-03-01,REV036,launch,Low,12038
